#SampleID,observed_features
BaP_0001,10
BaP_0002,10
BaP_0003,9
BaP_0004,9
BaP_0005,10
BaP_0006,6
BaP_0007,10
BaP_0008,12
BaP_0009,8
BaP_0010,13
BaP_0011,10
BaP_0012,8
BaP_0013,10
BaP_0014,13
BaP_0015,7
BaP_0016,13
BaP_0017,12
BaP_0018,9
BaP_0019,7
BaP_0020,8
BaP_0021,8
BaP_0022,8
BaP_0023,8
BaP_0024,8
BaP_0025,9
BaP_0026,8
BaP_0027,8
BaP_0028,8
BaP_0029,7
BaP_0030,8
BaP_0031,8
BaP_0032,8
BaP_0033,8
BaP_0034,8
BaP_0035,8
BaP_0036,8
BaP_0037,7
BaP_0038,11
BaP_0039,9
BaP_0040,7
BaP_0041,10
BaP_0042,11
BaP_0043,13
BaP_0044,12
BaP_0045,9
BaP_0046,11
BaP_0047,12
BaP_0048,11
BaP_0049,14
BaP_0050,13
BaP_0051,12
BaP_0052,7
BaP_0053,12
BaP_0054,12
BaP_0055,7
BaP_0056,5
BaP_0057,7
BaP_0058,7
BaP_0059,7
BaP_0060,11
BaP_0061,8
BaP_0062,9
BaP_0063,7
BaP_0064,8
BaP_0065,7
BaP_0066,9
BaP_0067,7
BaP_0068,9
BaP_0069,8
BaP_0070,9
BaP_0071,7
BaP_0072,9
BaP_0073,5
BaP_0074,6
BaP_0075,6
BaP_0076,7
BaP_0077,7
BaP_0078,7
BaP_0079,7
BaP_0080,5
BaP_0081,7
BaP_0082,15
BaP_0083,6
BaP_0084,3
BaP_0085,9
BaP_0086,8
BaP_0087,6
BaP_0088,6
BaP_0089,8
BaP_0090,8
BaP_0091,9
BaP_0092,10
BaP_0093,11
BaP_0094,8
BaP_0095,10
BaP_0096,9
BaP_0097,9
BaP_0098,9
BaP_0099,10
BaP_0100,9
BaP_0101,10
BaP_0102,10
BaP_0103,5
BaP_0104,9
BaP_0105,7
BaP_0106,10
BaP_0107,11
BaP_0108,11
BaP_0109,9
BaP_0110,12
BaP_0111,13
BaP_0112,9
BaP_0113,11
BaP_0114,9
BaP_0115,10
BaP_0116,12
BaP_0117,13
BaP_0118,13
BaP_0119,12
BaP_0120,17
BaP_0121,11
BaP_0122,7
BaP_0123,13
BaP_0124,10
BaP_0125,11
BaP_0126,13
BaP_0127,8
BaP_0128,7
BaP_0129,9
BaP_0130,8
BaP_0131,8
BaP_0132,7
BaP_0133,9
BaP_0134,8
BaP_0135,9
BaP_0136,8
BaP_0137,9
BaP_0138,7
BaP_0139,8
BaP_0140,7
BaP_0141,8
BaP_0142,8
BaP_0143,8
BaP_0144,11
BaP_0433,11
BaP_0434,10
BaP_0435,10
BaP_0436,13
BaP_0437,10
BaP_0438,12
BaP_0439,13
BaP_0440,11
BaP_0441,13
BaP_0442,8
BaP_0443,11
BaP_0444,10
BaP_0445,7
BaP_0446,10
BaP_0447,10
BaP_0448,11
BaP_0449,5
BaP_0450,7
BaP_0451,10
BaP_0452,12
BaP_0453,10
BaP_0454,9
BaP_0455,10
BaP_0456,11
BaP_0457,9
BaP_0458,10
BaP_0459,10
BaP_0460,11
BaP_0461,11
BaP_0462,12
BaP_0463,10
BaP_0464,10
BaP_0465,9
BaP_0466,11
BaP_0467,10
BaP_0468,10
BaP_0541,8
BaP_0542,10
BaP_0543,11
BaP_0544,10
BaP_0545,9
BaP_0546,12
BaP_0547,12
BaP_0548,13
BaP_0549,11
BaP_0550,11
BaP_0551,11
BaP_0552,10
BaP_0553,10
BaP_0554,12
BaP_0555,10
BaP_0556,10
BaP_0557,11
BaP_0558,9
BaP_0559,9
BaP_0560,11
BaP_0561,10
BaP_0562,10
BaP_0563,10
BaP_0564,9
BaP_0565,10
BaP_0566,6
BaP_0567,9
BaP_0568,10
BaP_0569,12
BaP_0570,10
BaP_0571,10
BaP_0572,9
BaP_0573,11
BaP_0574,9
BaP_0575,12
BaP_0576,11
BaP_0649,10
BaP_0650,10
BaP_0651,11
BaP_0652,9
BaP_0653,10
BaP_0654,11
BaP_0655,11
BaP_0656,11
BaP_0657,12
BaP_0658,12
BaP_0659,6
BaP_0660,10
BaP_0661,9
BaP_0662,11
BaP_0663,10
BaP_0664,11
BaP_0665,4
BaP_0666,9
BaP_0667,4
BaP_0668,13
BaP_0669,9
BaP_0670,11
BaP_0671,10
BaP_0672,7
BaP_0673,10
BaP_0674,12
BaP_0675,12
BaP_0676,11
BaP_0677,7
BaP_0678,11
BaP_0679,9
BaP_0680,11
BaP_0683,13
BaP_0757,10
BaP_0758,10
BaP_0759,11
BaP_0760,11
BaP_0761,13
BaP_0762,12
BaP_0763,10
BaP_0764,9
BaP_0765,9
BaP_0766,14
BaP_0767,9
BaP_0768,11
BaP_0769,11
BaP_0770,12
BaP_0771,9
BaP_0772,9
BaP_0773,10
BaP_0774,13
BaP_0775,9
BaP_0776,10
BaP_0777,12
BaP_0778,8
BaP_0779,12
BaP_0780,13
BaP_0781,12
BaP_0782,10
BaP_0783,5
BaP_0784,10
BaP_0785,13
BaP_0787,13
BaP_0788,13
BaP_0789,11
BaP_0790,8
BaP_0791,14
BaP_0792,14
BaP_0865_1,6
BaP_0866_2,10
BaP_0867_3,11
BaP_0868_4,10
BaP_0869_5,10
BaP_0870_6,9
BaP_0871_7,11
BaP_0872_8,9
BaP_0873_9,10
BaP_0874_10,12
BaP_0875_11,15
BaP_0876_12,9
BaP_0877_13,13
BaP_0878_14,11
BaP_0879_15,11
BaP_0880_16,10
BaP_0881_17,9
BaP_0882_18,12
BaP_0883_19,14
BaP_0884_20,11
BaP_0885_21,12
BaP_0886_22,12
BaP_0887_23,12
BaP_0888_24,11
BaP_0889_25,9
BaP_0890_26,10
BaP_0891_27,15
BaP_0893_29,6
BaP_0895_31,13
BaP_0897_33,11
BaP_0899_35,11
BaP_0937_37,9
BaP_0938_38,8
BaP_0939_39,9
BaP_0940_40,11
BaP_0941_41,6
BaP_0942_42,11
BaP_0943_43,7
BaP_0944_44,14
BaP_0945_45,9
BaP_0946_46,9
BaP_0947_47,9
BaP_0948_48,9
BaP_0949_49,8
BaP_0950_50,10
BaP_0952_52,12
BaP_0953_53,9
BaP_0954_54,9
BaP_0955_55,10
BaP_0956_56,8
BaP_0957_57,10
BaP_0958_58,4
BaP_0959_59,8
BaP_0961_61,10
BaP_0962_62,8
BaP_0963_63,9
BaP_0964_64,9
BaP_0965_65,9
BaP_0966_66,10
BaP_0967_67,12
BaP_0968_68,9
BaP_0969_69,10
BaP_0970_70,15
BaP_0971_71,11
BaP_0972_72,11
BaP_1009_73,7
BaP_1010_74,6
BaP_1011_75,6
BaP_1012_76,4
BaP_1013_77,5
BaP_1014_78,7
BaP_1015_79,7
BaP_1016_80,12
BaP_1017_81,9
BaP_1018_82,12
BaP_1019_83,11
BaP_1020_84,6
BaP_1021_85,7
BaP_1022_86,8
BaP_1023_87,7
BaP_1024_88,12
BaP_1025_89,12
BaP_1026_90,6
BaP_1027_91,9
BaP_1028_92,7
BaP_1029_93,8
BaP_1030_94,11
BaP_1031_95,11
BaP_1032_96,10
BaP_1033_97,8
BaP_1034_98,8
BaP_1035_99,8
BaP_1036_100,11
BaP_1037_101,8
BaP_1038_102,13
BaP_1039_103,6
BaP_1040_104,8
BaP_1041_105,10
BaP_1042_106,12
BaP_1043_107,6
BaP_1044_108,11
BaP_1081_109,9
BaP_1082_110,12
BaP_1083_111,6
BaP_1084_112,15
BaP_1085_113,7
BaP_1086_114,13
BaP_1087_115,8
BaP_1088_116,12
BaP_1089_117,11
BaP_1090_118,16
BaP_1091_119,7
BaP_1092_120,11
BaP_1093_121,10
BaP_1094_122,8
BaP_1095_123,7
BaP_1096_124,10
BaP_1097_125,14
BaP_1098_126,9
BaP_1099_127,12
BaP_1100_128,13
BaP_1101_129,10
BaP_1102_130,15
BaP_1103_131,14
BaP_1104_132,6
BaP_1105_133,12
BaP_1106_134,12
BaP_1107_135,10
BaP_1108_136,13
BaP_1109_137,7
BaP_1110_138,13
BaP_1111_139,8
BaP_1112_140,8
BaP_1113_141,7
BaP_1114_142,12
BaP_1115_143,10
BaP_1116_144,18
